"id","amount","timestamp","customer_id","first_name","last_name","email","gender"
"13","11.13","2021-04-23","69","Roby","Easdon","reasdon1w@dailymail.co.uk","Polygender"
"37","19.25","2021-04-23","399","Romonda","Foynes","rfoynesb2@360.cn","Female"
"70","45.42","2021-04-23","186","Diahann","Grissett","dgrissett55@github.io","Female"
"76","19.45","2021-04-23","870","Roslyn","D'Oyly","rdoylyo5@state.gov","Non-binary"
"92","91.96","2021-04-23","79","Darcy","Mytton","dmytton26@photobucket.com","Male"
"109","95.73","2021-04-23","346","Tannie","Lorinez","tlorinez9l@blogtalkradio.com","Genderqueer"
"120","93.58","2021-04-23","728","Queenie","Duchenne","qduchennek7@arstechnica.com","Agender"
"210","80.03","2021-04-23","404","Bridgette","Nucator","bnucatorb7@comcast.net","Bigender"
"217","28.24","2021-04-23","574","Tye","Heineking","theinekingfx@flickr.com","Non-binary"
"253","75.64","2021-04-23","11","Zonnya","Sparshatt","zsparshatta@hud.gov","Male"
"267","46.57","2021-04-23","798","Esra","Avison","eavisonm5@go.com","Polygender"
"310","67.38","2021-04-23","34","Kristoforo","Minker","kminkerx@xing.com","Male"
"319","26.25","2021-04-23","939","Rochell","Bellison","rbellisonq2@state.gov","Bigender"
"339","20.46","2021-04-23","640","Lucinda","Tuxsell","ltuxsellhr@mac.com","Bigender"
"347","51.08","2021-04-23","763","Clair","Northleigh","cnorthleighl6@youku.com","Non-binary"
"350","97.12","2021-04-23","512","Freemon","Bartoletti","fbartolettie7@tuttocitta.it","Male"
"373","57.49","2021-04-23","952","Nathanil","Cumming","ncummingqf@free.fr","Genderqueer"
"382","17.16","2021-04-23","360","Katharina","Harraway","kharraway9z@people.com.cn","Non-binary"
"388","43.23","2021-04-23","4","Maire","Fleetham","mfleetham3@imageshack.us","Bigender"
"405","13.88","2021-04-23","349","Cart","Allsworth","callsworth9o@yellowbook.com","Genderfluid"
"430","53.51","2021-04-23","482","Harmon","Andreolli","handreollidd@nsw.gov.au","Bigender"
"446","69.01","2021-04-23","15","Patty","Dunphie","pdunphiee@columbia.edu","Bigender"
"463","17.7","2021-04-23","681","Leif","Gaskoin","lgaskoiniw@gov.uk","Polygender"
"478","67.23","2021-04-23","569","Appolonia","Dellenty","adellentyfs@boston.com","Polygender"
"526","63.23","2021-04-23","339","Allen","Gillyett","agillyett9e@google.de","Agender"
"561","99.58","2021-04-23","769","Angil","Tolman","atolmanlc@bravesites.com","Polygender"
"562","17.03","2021-04-23","839","Corabella","Hallin","challinna@facebook.com","Genderqueer"
"563","69.49","2021-04-23","348","Sibyl","Anstie","sanstie9n@nationalgeographic.com","Polygender"
"569","17.0","2021-04-23","341","Leora","Shropshire","lshropshire9g@washingtonpost.com","Genderqueer"
"572","68.94","2021-04-23","983","Gayleen","Faithfull","gfaithfullra@webeden.co.uk","Agender"
"606","17.28","2021-04-23","412","Lia","Kegan","lkeganbf@ocn.ne.jp","Non-binary"
"614","40.3","2021-04-23","553","Reinwald","Rodinger","rrodingerfc@phpbb.com","Genderqueer"
"636","83.64","2021-04-23","150","Stewart","BoHlingolsen","sbohlingolsen45@ask.com","Non-binary"
"640","84.22","2021-04-23","794","Lorrayne","Coleridge","lcoleridgem1@cpanel.net","Agender"
"650","23.18","2021-04-23","756","Redd","Lumsdaine","rlumsdainekz@amazon.de","Polygender"
"680","70.75","2021-04-23","432","Mufi","Porch","mporchbz@yellowpages.com","Genderqueer"
"687","13.42","2021-04-23","102","Kaitlyn","Childe","kchilde2t@nbcnews.com","Polygender"
"701","67.59","2021-04-23","490","Carver","Tortoishell","ctortoishelldl@google.cn","Male"
"708","12.58","2021-04-23","676","Cordula","Tyre","ctyreir@cnet.com","Genderqueer"
"717","86.14","2021-04-23","543","Odelle","Geertje","ogeertjef2@list-manage.com","Bigender"
"737","48.24","2021-04-23","117","Alyce","Judson","ajudson38@telegraph.co.uk","Polygender"
"765","53.19","2021-04-23","558","Ranice","Astupenas","rastupenasfh@quantcast.com","Female"
"770","34.65","2021-04-23","257","Skelly","Eck","seck74@storify.com","Male"
"781","59.16","2021-04-23","309","Gennifer","Meadows","gmeadows8k@arizona.edu","Genderqueer"
"815","54.88","2021-04-23","193","Joell","Laugier","jlaugier5c@ycombinator.com","Male"
"816","37.14","2021-04-23","656","Sydney","Tuddall","studdalli7@wisc.edu","Polygender"
"853","58.77","2021-04-23","774","Mervin","Gutcher","mgutcherlh@bigcartel.com","Agender"
"860","34.08","2021-04-23","819","Wolfgang","Caple","wcaplemq@ebay.com","Genderqueer"
"872","98.64","2021-04-23","449","Benedikt","Dingate","bdingatecg@prlog.org","Polygender"
"873","16.81","2021-04-23","250","Estrellita","Gisburne","egisburne6x@statcounter.com","Bigender"
"882","23.84","2021-04-23","992","Keefer","Maudling","kmaudlingrj@ucoz.ru","Genderfluid"
"884","84.78","2021-04-23","295","Mendel","Gobourn","mgobourn86@paypal.com","Genderfluid"
"886","80.7","2021-04-23","270","Jess","Townshend","jtownshend7h@sciencedirect.com","Polygender"
"889","83.9","2021-04-23","371","Durand","Scyner","dscyneraa@nsw.gov.au","Genderfluid"
"951","82.24","2021-04-23","867","Alyse","Ellett","aelletto2@cmu.edu","Female"
"952","24.76","2021-04-23","2","Pietro","Scintsbury","pscintsbury1@marriott.com","Non-binary"
"981","77.08","2021-04-23","481","Imojean","Pickerin","ipickerindc@themeforest.net","Male"
"982","71.62","2021-04-23","180","Tait","Skillicorn","tskillicorn4z@discovery.com","Polygender"
"997","28.02","2021-04-23","926","Thurstan","Waadenburg","twaadenburgpp@google.com.au","Non-binary"
